,pdb,antigen_chain_1,antigen_chain_2
85,1him,P,R
295,1v7m,X,V
326,1xct,Q | M,L
346,1xiw,A | F,A
347,1xiw,A | F,B
384,2arj,Q,R
447,2gsi,W,X
449,2gsi,Z,X
674,2y5t,E | G | F,F
686,2zck,P,S
689,2zjs,Y,E
734,3csy,N | M,I
735,3csy,N | M,J
736,3csy,P | O,I
737,3csy,P | O,J
738,3csy,L | K,I
739,3csy,L | K,J
740,3csy,J | I,I
741,3csy,J | I,J
745,3cvh,M | O,C
746,3cvh,M | O,B
747,3cvh,M | O,A
802,3dvn,V | U,Y
803,3dvn,V | U,X
875,3hae,D | F,I
878,3hae,J | M,I
879,3hae,J | M,A
880,3hae,J | M,B
881,3hae,P | R,I
882,3hae,P | R,A
883,3hae,P | R,B
900,3hr5,T,I
910,3iet,Q,X
958,3lh2,U,S
1097,3s88,J | J | I,I
1098,3s88,J | J | I,J
1176,3ve0,J | J | I,B
1177,3ve0,J | J | I,A
1271,3ztn,A | B | A,B
1272,3ztn,A | B | A,A
1320,4etq,C,X
1349,4g6f,F,P
1394,4hg4,E | b,B
1395,4hg4,E | b,A
1398,4hg4,D | a,B
1399,4hg4,D | a,A
1404,4hg4,F | c,B
1405,4hg4,F | c,A
1433,4i18,C,R
1446,4ioi,H | E,C
1502,4k94,C | C,C
1601,4mxw,X,Y
1604,4mxw,A,Y
1610,4n90,S | B,A
1611,4n90,S | B,D
1612,4n90,T | C,A
1613,4n90,T | C,D
1614,4n90,R | A,A
1615,4n90,R | A,D
1715,4r2g,O,B
1721,4r4f,A,R
1725,4r4n,M | a,C
1726,4r4n,M | a,A
1727,4r4n,A | m,C
1728,4r4n,A | m,A
1729,4r4n,I | v,C
1730,4r4n,I | v,A
1731,4r4n,B | p,C
1732,4r4n,B | p,A
1733,4r4n,V | i,C
1734,4r4n,V | i,A
1735,4r4n,P | b,C
1736,4r4n,P | b,A
1824,4ubd,F | A,C
1826,4ubd,J | E,C
1827,4ubd,J | E,A
1828,4ubd,N | Q,C
1829,4ubd,N | Q,A
1830,4ubd,R | U,C
1831,4ubd,R | U,A
1832,4ubd,B | I,C
1833,4ubd,B | I,A
1834,4ubd,V | M,C
1835,4ubd,V | M,A
1861,4wht,e,A
1862,4wht,q,A
1863,4wht,k,A
1866,4wht,u,A
1867,4wht,x,A
1869,4wht,i,A
1871,4wht,o,A
1890,4xh2,j,a
1891,4xh2,g,a
1893,4xh2,e,a
1894,4xh2,h,a
1895,4xh2,c,a
1930,4xvu,G,g
1932,4xvu,B,g
1934,4xvu,H,g
1936,4xvu,A,g
2004,4ywg,Q,G
2026,4z7n,A | D,G
2117,5cjx,J | K,G
2118,5cjx,J | K,B
2119,5cjx,B | G,G
2121,5cjx,X | Y,G
2122,5cjx,X | Y,B
2129,5cws,E | C | D | F,E
2130,5cws,E | C | D | F,D
2131,5cws,E | C | D | F,F
2132,5cws,E | C | D | F,C
2133,5cws,K | I | J | L,E
2134,5cws,K | I | J | L,D
2135,5cws,K | I | J | L,F
2136,5cws,K | I | J | L,C
2166,5dmg,X,Z
2173,5drz,P,Q
2178,5dsc,N,P
2179,5dsc,M,P
2303,5hj3,P | O,B
2304,5hj3,P | O,A
2322,5ibl,B | E,B
2374,5k9o,I,F
2378,5k9q,N | M | O,A
2379,5k9q,N | M | O,B
2380,5k9q,D | C | E,A
2381,5k9q,D | C | E,B
2386,5k9q,P | Q,A
2387,5k9q,P | Q,B
2422,5lsp,P,X
2424,5lsp,A,X
2448,5mp5,,H
2449,5mp5,I,H
2492,5mvz,V,U
2512,5njd,I | B,B
2513,5njd,I | B,A
2514,5njd,G | F,B
2515,5njd,G | F,A
2518,5njd,A | J,B
2519,5njd,A | J,A
2522,5njd,E | H,B
2523,5njd,E | H,A
2678,5uqy,M | F,A
2679,5uqy,M | F,B
2680,5uqy,E | J,A
2681,5uqy,E | J,B
2682,5uqy,I | N,A
2683,5uqy,I | N,B
2718,5vig,G,Z
2727,5vk2,b | B,B
2729,5vk2,c | C,B
2731,5vk2,a | A,B
2827,5wko,Q | N,M
2828,5wko,Q | N,P
2829,5wko,P | M,M
2830,5wko,P | M,P
2831,5wko,X | U,M
2832,5wko,X | U,P
2833,5wko,V | S,M
2834,5wko,V | S,P
2835,5wko,R | O,M
2836,5wko,R | O,P
2837,5wko,W | T,M
2838,5wko,W | T,P
2850,5wob,H,I
2922,5y2m,D | A | C,B
2923,5y2m,D | A | C,A
2926,5y9c,D | A | C | E,A
2987,6aj9,C | B,E
3004,6ayz,M,D
3069,6bit,G,H
3118,6cf2,F | G,G
3154,6cxc,B | A,G
3156,6cxc,D | C,G
3193,6dcq,F | E | D,A
3194,6dcq,F | E | D,B
3251,6fy1,G,X
3254,6fy2,Z,P
3260,6gff,J | G | H,B
3261,6gff,J | G | H,A
3262,6gff,J | G | H,I
3309,6id4,A | B,T
3312,6id4,E | F,T
3403,6kvf,B,b
3404,6kvf,b,b
3542,6n4q,C | D | H,A
3543,6n4q,C | D | H,C
3544,6n4q,A | B | F,A
3545,6n4q,A | B | F,C
3568,6nfc,I | E,D
3569,6nfc,I | E,C
3570,6nfc,B | F,D
3571,6nfc,B | F,C
3576,6ni2,B | V,V
3577,6ni2,B | V,B
3578,6ni2,B,V
3587,6nmr,M,S
3588,6nmr,E,S
3589,6nmr,I,S
3620,6o1f,A | I,I
3623,6o24,I,K
3643,6o29,D,K
3779,6p3s,X,E
3782,6p3s,U,E
3827,6pe8,U,T
3829,6pe9,U | I,G
3833,6pe9,V,G
3920,6s5a,D | A,A
3981,6umg,c | r,R
3982,6umg,c | r,C
3983,6umg,C | R,R
3984,6umg,C | R,C
3992,6urm,C,F
4000,6utk,T,E
4001,6utk,T,D
4042,6vep,Q,F
4050,6vep,W,F
4077,6vjn,G | F,G
4083,6vkn,C | F,B
4089,6vmj,W,I
4094,6vmk,d,A
4095,6vmk,p,A
4102,6vmk,v,A
4107,6vmk,j,A
4132,6vx4,F | G,H
4163,6w4m,G | N,G
4164,6w4m,G | N,N
4235,6wjl,E,K
4237,6wjl,G,K
4450,6xlz,P | A,A
4458,6xp6,A | C | B,I
4460,6xp6,D | E | F,A
4461,6xp6,D | E | F,I
4462,6xp6,D | E | F,B
4475,6xrt,G | E | F,B
4523,6z7w,O | P,J
4524,6z7w,O | P,I
4525,6z7w,K | L,J
4526,6z7w,K | L,I
4527,6z7w,M | N,J
4528,6z7w,M | N,I
4529,6z7w,I | J,J
4530,6z7w,I | J,I
4576,7ahu,C | D,F
4577,7ahu,C | D,E
4578,7ahu,E | F,F
4579,7ahu,E | F,E
4619,7bh8,C | Q,B
4705,7cn2,D,M
4843,7dnh,E | A,A
4946,7ebz,B | A | C,A
4947,7ebz,B | A | C,B
4949,7ec5,B | A | C,F
4950,7ec5,B | A | C,E
4977,7eo0,3,2
4978,7eo0,3,4
4979,7eo0,3,1
4980,7eo0,3,3
4995,7ey4,R | N,N
4996,7ey4,R | N,R
4999,7eya,R,N
5098,7jwq,P,V
5134,7k7h,A | C | G,A
5135,7k7h,A | C | G,H
5174,7kcr,C | A | E,D
5175,7kcr,C | A | E,C
5179,7kd6,W,D
5185,7kd6,Q,D
5197,7kde,G | B,A
5198,7kde,G | B,E
5209,7keo,H | G,C
5252,7kmd,G,T
5253,7kmd,T,G
5298,7kyl,Z,E
5315,7l0l,E | C,B
5316,7l0l,E | C,C
5319,7l0l,F | D,B
5320,7l0l,F | D,C
5455,7lg6,E | B,D
5457,7lg6,F | G,D
5465,7lg6,A | I,D
5678,7mdu,A | B,F
5689,7mep,C | F,C
5720,7mly,B,M
5725,7mly,D | E,I
5726,7mly,D | E,M
5787,7mxe,C | P,C
5788,7mxe,C | P,F
5789,7mxe,G | D,C
5790,7mxe,G | D,F
5791,7mxe,J | F,C
5792,7mxe,J | F,F
5794,7mxe,J,F
5901,7o7f,A | B,I
5923,7ox1,Z,G
5925,7ox1,Y,G
5926,7ox1,X,G
5964,7pgb,e,C
5965,7pgb,l,C
5970,7pgb,d,C
5972,7pgb,h,C
5973,7pgb,o,C
6199,7rxc,B,K
6205,7rxd,B,R
6282,7sd3,F | E,H
6284,7sd3,D,H
6286,7sd3,B,H
6410,7ssv,B | A | C | D,A
6454,7t0w,D | C,E
6456,7t0z,D | E,E
6534,7t4s,D | B,F
6542,7t73,E | A | C,D
6543,7t73,E | A | C,C
6546,7t74,F | C,A
6547,7t74,F | C,B
6578,7t9b,E | A | C,A
6579,7t9b,E | A | C,B
6587,7t9n,X | Y,R
6588,7t9n,X | Y,X
6589,7t9n,X | Y,Y
6590,7t9n,X | Y,Z
6592,7t9n,R,X
6593,7t9n,R,Y
6594,7t9n,R,Z
6642,7tht,C,S
6679,7tn9,S,B
6680,7tn9,S,H
6685,7tn9,W | X,B
6686,7tn9,W | X,H
6721,7tyv,A | a,A
6723,7tyv,B | b,A
6725,7tyv,C | c,A
6741,7u5b,I,J
6806,7uds,A | a,G
6808,7uds,C | c,G
6810,7uds,B | b,G
6863,7uja,K | R,A
6864,7uja,K | R,P
6870,7uja,K,P
6900,7ul7,a,c
6904,7ul7,b,c
6919,7uot,c,B
6923,7uot,a,B
6930,7uov,a,D
6931,7uov,a,C
6934,7uov,c,D
6936,7uov,b,D
6937,7uov,b,C
6940,7up9,G | A,A
6969,7ur6,I | F,B
6970,7ur6,I | F,A
6999,7uym,P,K
7376,7x6l,B | D,C
7377,7x6l,B | D,D
7378,7x6l,E | A,C
7379,7x6l,E | A,D
7380,7x6l,F | C,C
7381,7x6l,F | C,D
7384,7x6o,H | F,A
7385,7x6o,H | F,B
7386,7x6o,G | E,A
7387,7x6o,G | E,B
7415,7x93,G | D,A
7492,7xw6,R,G
7497,7xw6,A | B,R
7509,7y7m,C | B,D
7523,7ycl,D,R
7741,8d21,G | I,B
7742,8d21,G | I,A
7748,8d5c,B | E,D
7749,8d5c,B | E,E
7751,8d5c,C | F,D
7752,8d5c,C | F,E
7754,8d5c,A | D,D
7755,8d5c,A | D,E
7759,8d6z,L,H
7883,8dua,F | I,B
7888,8dvd,G | E | F,E
7964,8fax,L,L
7975,8fr6,F | I,C
7976,8g85,K | J,A
7977,8g85,K | J,B
7982,8g9w,O | E,E
7983,8g9w,O | E,B
7984,8g9x,O | B,B
7985,8g9x,O | B,E
7986,8g9y,D | E | O,B
7987,8g9y,D | E | O,E
7988,8gas,B | G,D
7990,8gas,E | D,D
7992,8gas,K | J,D
7993,8gas,K | J,C
8004,8go8,B | U,B
8006,8go8,A | V,B
8031,8gsf,1 | 3,B
8032,8gsf,1 | 3,A
8033,8gsf,1 | 3,C
8108,8i0n,B | U,U
8110,8i0n,A | V,U
8112,8i10,C | V,G
8113,8i10,C | V,A
8114,8i10,B | U,G
8116,8i10,A | G,G
